{"metric": 0.6399999856948853}{"metric": 0.6959999799728394}