{"metric": 0.5799999833106995}{"metric": 0.5799999833106995}