{"metric": 0.7599999904632568}{"metric": 0.7599999904632568}